Resource_name,
'/antivirus.html', 
'/dccstats/index.html', 
'/ie.htm', 
'/LateEmail.html', 
'/mailman/admin', 
'/mailman/admin/artsscience', 
'/mailman/admin/deans', 
'/mailman/admin/educationadmin', 
'/mailman/admin/fcd', 
'/mailman/admin/gisgrad', 
'/mailman/admin/hs_rcafaculty', 
'/mailman/admin/hs_support', 
'/mailman/admin/jjec', 
'/mailman/admin/mlc', 
'/mailman/admin/ncbnpfaculty', 
'/mailman/admin/sswk', 
'/mailman/admin/webber', 
'/mailman/listinfo', 
'/mailman/listinfo/administration', 
'/mailman/listinfo/artsscience', 
'/mailman/listinfo/business', 
'/mailman/listinfo/cnc_forestry', 
'/mailman/listinfo/deans', 
'/mailman/listinfo/dentalstudies', 
'/mailman/listinfo/faculty', 
'/mailman/listinfo/fcd', 
'/mailman/listinfo/gisgrad', 
'/mailman/listinfo/hs_rcafaculty', 
'/mailman/listinfo/hs_support', 
'/mailman/listinfo/hsdivision', 
'/mailman/listinfo/jjec', 
'/mailman/listinfo/mgt-157', 
'/mailman/listinfo/mlc', 
'/mailman/listinfo/ncbnpfaculty', 
'/mailman/listinfo/ppwc', 
'/mailman/listinfo/purchasing', 
'/mailman/listinfo/techcomm', 
'/mailman/listinfo/webber', 
'/mailman/listinfo/webct', 
'/mailman/private/artsscience/', 
'/mailman/private/business/', 
'/mailman/private/dentalstudies/', 
'/mailman/private/hs_support/', 
'/mailman/private/hsdivision/', 
'/mailman/private/mlc/', 
'/mailman/private/sswk/', 
'/pipermail/fcd/', 
'/pipermail/gisgrad/', 
'/pipermail/techcomm/', 
'/pipermail/webber/', 
'/razor.html', 
'/RBL.html'],
'/rfc.html', 
'/robots.txt', 
'/robots.txt', 
'/SpamAssassin.html', 
'/twiki/bin/attach/Main/ConfigurationVariables', 
'/twiki/bin/attach/Main/OfficeLocations', 
'/twiki/bin/attach/Main/PostfixCommands', 
'/twiki/bin/attach/Main/SpamAssassinAndPostFix', 
'/twiki/bin/attach/Main/TWikiGroups', 
'/twiki/bin/attach/Main/TWikiGuest', 
'/twiki/bin/attach/Main/WebPreferences', 
'/twiki/bin/attach/Sandbox/WebHome', 
'/twiki/bin/attach/TWiki/AndreaSterbini', 
'/twiki/bin/attach/TWiki/DefaultPlugin', 
'/twiki/bin/attach/TWiki/HaroldGottschalk', 
'/twiki/bin/attach/TWiki/InterWikis', 
'/twiki/bin/attach/TWiki/KevinKinnell', 
'/twiki/bin/attach/TWiki/TablePlugin', 
'/twiki/bin/attach/TWiki/TWikiDocGraphics?filename=pencil.gif&revInfo=1', 
'/twiki/bin/attach/TWiki/TWikiDocGraphics?filename=viewtopic.gif&revInfo=1', 
'/twiki/bin/attach/TWiki/TWikiSite', 
'/twiki/bin/attach/TWiki/WebPreferences', 
'/twiki/bin/attach/TWiki/WebSearch', 
'/twiki/bin/edit/Main/Allow_min_user?topicparent=Main.ConfigurationVariables', 
'/twiki/bin/edit/Main/Always_bcc?topicparent=Main.ConfigurationVariables', 
'/twiki/bin/edit/Main/Berkeley_db_create_buffer_size?topicparent=Main.ConfigurationVariables', 
'/twiki/bin/edit/Main/BookView?topicparent=Main.TWikiVariables', 
'/twiki/bin/edit/Main/Cleanup_service_name?topicparent=Main.ConfigurationVariables', 
'/twiki/bin/edit/Main/Daemon_directory?topicparent=Main.ConfigurationVariables', 
'/twiki/bin/edit/Main/Default_delivery_slot_discount?topicparent=Main.ConfigurationVariables', 
'/twiki/bin/edit/Main/Defer_transports?topicparent=Main.ConfigurationVariables', 
'/twiki/bin/edit/Main/Delay_notice_recipient?topicparent=Main.ConfigurationVariables', 
'/twiki/bin/edit/Main/Delay_warning_time?topicparent=Main.ConfigurationVariables', 
'/twiki/bin/edit/Main/Deliver_lock_attempts?topicparent=Main.ConfigurationVariables', 
'/twiki/bin/edit/Main/Double_bounce_sender?topicparent=Main.ConfigurationVariables', 
'/twiki/bin/edit/Main/Expand_owner_alias?topicparent=Main.ConfigurationVariables', 
'/twiki/bin/edit/Main/Export_environment?topicparent=Main.ConfigurationVariables', 
'/twiki/bin/edit/Main/Fast_flush_domains?topicparent=Main.ConfigurationVariables', 
'/twiki/bin/edit/Main/Flush_service_name?topicparent=Main.ConfigurationVariables', 
'/twiki/bin/edit/Main/Forward_expansion_filter?topicparent=Main.ConfigurationVariables', 
'/twiki/bin/edit/Main/Header_address_token_limit?topicparent=Main.ConfigurationVariables', 
'/twiki/bin/edit/Main/Header_checks?topicparent=Main.ConfigurationVariables', 
'/twiki/bin/edit/Main/Ignore_mx_lookup_error?topicparent=Main.ConfigurationVariables', 
'/twiki/bin/edit/Main/Invalid_hostname_reject_code?topicparent=Main.ConfigurationVariables', 
'/twiki/bin/edit/Main/KevinWGagel?t=1078670331', 
'/twiki/bin/edit/Main/Lmtp_connect_timeout?topicparent=Main.ConfigurationVariables', 
'/twiki/bin/edit/Main/Lmtp_mail_timeout?topicparent=Main.ConfigurationVariables', 
'/twiki/bin/edit/Main/Lmtp_quit_timeout?topicparent=Main.ConfigurationVariables', 
'/twiki/bin/edit/Main/Local_recipient_maps?topicparent=Main.ConfigurationVariables', 
'/twiki/bin/edit/Main/Mail_release_date?topicparent=Main.ConfigurationVariables', 
'/twiki/bin/edit/Main/Mailq_path?topicparent=Main.ConfigurationVariables', 
'/twiki/bin/edit/Main/Maps_rbl_reject_code?topicparent=Main.ConfigurationVariables', 
'/twiki/bin/edit/Main/Masquerade_classes?topicparent=Main.ConfigurationVariables', 
'/twiki/bin/edit/Main/Max_use?topicparent=Main.ConfigurationVariables', 
'/twiki/bin/edit/Main/Message_size_limit?topicparent=Main.ConfigurationVariables', 
'/twiki/bin/edit/Main/Mydestination?topicparent=Main.ConfigurationVariables', 
'/twiki/bin/edit/Main/OfficeLocations?t=1078691049', 
'/twiki/bin/edit/Main/Qmqpd_authorized_clients?topicparent=Main.ConfigurationVariables', 
'/twiki/bin/edit/Main/RBLsHowTo?t=1078668449', 
'/twiki/bin/edit/Main/Relayhost?topicparent=Main.ConfigurationVariables', 
'/twiki/bin/edit/Main/Sender_canonical_maps?topicparent=Main.ConfigurationVariables', 
'/twiki/bin/edit/Main/Setgid_group?topicparent=Main.ConfigurationVariables', 
'/twiki/bin/edit/Main/Smtp_line_length_limit?topicparent=Main.ConfigurationVariables', 
'/twiki/bin/edit/Main/Smtp_pix_workaround_delay_time?topicparent=Main.ConfigurationVariables', 
'/twiki/bin/edit/Main/Smtpd_banner?topicparent=Main.ConfigurationVariables', 
'/twiki/bin/edit/Main/Smtpd_etrn_restrictions?topicparent=Main.ConfigurationVariables', 
'/twiki/bin/edit/Main/Smtpd_history_flush_threshold?topicparent=Main.ConfigurationVariables', 
'/twiki/bin/edit/Main/SpamAssassin?t=1078709979', 
'/twiki/bin/edit/Main/Strict_8bitmime?topicparent=Main.ConfigurationVariables', 
'/twiki/bin/edit/Main/Syslog_name?topicparent=Main.ConfigurationVariables', 
'/twiki/bin/edit/Main/TestArea?topicparent=Main.WebHome', 
'/twiki/bin/edit/Main/TokyoOffice?t=1078706364', 
'/twiki/bin/edit/Main/Trigger_timeout?topicparent=Main.ConfigurationVariables', 
'/twiki/bin/edit/Main/TWikiForms?topicparent=Main.TWikiVariables', 
'/twiki/bin/edit/Main/TWikiGuest?t=1078713282', 
'/twiki/bin/edit/Main/TWikiPreferences?topicparent=Main.WebHome', 
'/twiki/bin/edit/Main/Undisclosed_recipients_header?topicparent=Main.ConfigurationVariables', 
'/twiki/bin/edit/Main/Unknown_local_recipient_reject_code?topicparent=Main.ConfigurationVariables', 
'/twiki/bin/edit/Main/UvscanAndPostFix?topicparent=Main.WebHome', 
'/twiki/bin/edit/Main/Virtual_gid_maps?topicparent=Main.ConfigurationVariables', 
'/twiki/bin/edit/Main/Virtual_mailbox_lock?topicparent=Main.ConfigurationVariables', 
'/twiki/bin/edit/Main/WebSearch?t=1078669682', 
'/twiki/bin/edit/Main/WebStatistics?t=1078690975', 
'/twiki/bin/edit/Main/WelcomeGuest?topicparent=Main.WebHome', 
'/twiki/bin/edit/Sandbox/TestTopic2?topicparent=Sandbox.WebHome', 
'/twiki/bin/edit/Sandbox/TestTopic5?topicparent=Sandbox.WebHome', 
'/twiki/bin/edit/Sandbox/TestTopic6?topicparent=Sandbox.WebHome', 
'/twiki/bin/edit/Sandbox/TestTopic7?topicparent=Sandbox.WebHome', 
'/twiki/bin/edit/TWiki/AppendixFileSystem?t=1078674582', 
'/twiki/bin/edit/TWiki/DefaultPlugin?t=1078688936', 
'/twiki/bin/edit/TWiki/HaroldGottschalk?t=1078717948', 
'/twiki/bin/edit/TWiki/InterWikis?t=1078696998', 
'/twiki/bin/edit/TWiki/KevinKinnell?t=1078692967', 
'/twiki/bin/edit/TWiki/KlausWriessnegger?t=1078709735', 
'/twiki/bin/edit/TWiki/NewTopic?topicparent=TWiki.WikiSyntax', 
'/twiki/bin/edit/TWiki/RichardDonkin?t=1078691832', 
'/twiki/bin/edit/TWiki/RyanFreebern?t=1078701457', 
'/twiki/bin/edit/TWiki/SvenDowideit?t=1078710644', 
'/twiki/bin/edit/TWiki/TablePlugin?t=1078681446', 
'/twiki/bin/edit/TWiki/TestArea?topicparent=TWiki.WelcomeGuest', 
'/twiki/bin/edit/TWiki/TWikiCodevFeatureToDo?topicparent=TWiki.TWikiHistory', 
'/twiki/bin/edit/TWiki/TWikiCodevTWikiEnhancementRequests?topicparent=TWiki.TWikiHistory', 
'/twiki/bin/edit/TWiki/TWikiCodevTWikiPlannedFeatures?topicparent=TWiki.TWikiHistory', 
'/twiki/bin/edit/TWiki/TWikiPages?topicparent=TWiki.WelcomeGuest', 
'/twiki/bin/edit/TWiki/TWikiPlugins?t=1078696313', 
'/twiki/bin/edit/TWiki/TWikiRegistration?t=1078670224', 
'/twiki/bin/edit/TWiki/TWikiSite?t=1078681794', 
'/twiki/bin/edit/TWiki/TWikiVariables?t=1078684115', 
'/twiki/bin/edit/TWiki/UnchangeableTopicBug?topicparent=TWiki.TWikiHistory', 
'/twiki/bin/edit/TWiki/WebNotification?topicparent=TWiki.TWikiUpgradeTo01May2000', 
'/twiki/bin/edit/TWiki/WebSiteTools?t=1078731408', 
'/twiki/bin/edit/TWiki/WikiNotation?t=1078726052', 
'/twiki/bin/edit/TWiki/WikiStyleWord?topicparent=TWiki.TextFormattingFAQ', 
'/twiki/bin/oops/Main/DCC?template=oopsmore&param1=1.1&param2=1.1', 
'/twiki/bin/oops/Main/DCCAndPostFix?template=oopsmore&param1=1.2&param2=1.2', 
'/twiki/bin/oops/Main/FileAttachment?template=oopsmore&param1=1.3&param2=1.3', 
'/twiki/bin/oops/Main/NicholasLee?template=oopsmore&param1=1.2&param2=1.2', 
'/twiki/bin/oops/Main/WebChanges?template=oopsmore&param1=1.2&param2=1.2', 
'/twiki/bin/oops/Sandbox/WebHome?template=oopsmore&param1=1.7&param2=1.7', 
'/twiki/bin/oops/TWiki/AppendixFileSystem?template=oopsmore&param1=1.12&param2=1.12', 
'/twiki/bin/oops/TWiki/DefaultPlugin?template=oopsmore&param1=1.5&param2=1.5', 
'/twiki/bin/oops/TWiki/HaroldGottschalk?template=oopsmore&param1=1.3&param2=1.3', 
'/twiki/bin/oops/TWiki/ResetPassword?template=oopsmore&param1=1.4&param2=1.4', 
'/twiki/bin/oops/TWiki/RichardDonkin?template=oopsmore&param1=1.2&param2=1.2', 
'/twiki/bin/oops/TWiki/RyanFreebern?template=oopsmore&param1=1.2&param2=1.2', 
'/twiki/bin/oops/TWiki/TextFormattingFAQ?template=oopsmore&param1=1.14&param2=1.14', 
'/twiki/bin/oops/TWiki/TextFormattingRules?template=oopsmore&param1=1.37&param2=1.37', 
'/twiki/bin/oops/TWiki/TWikiHistory?template=oopsmore&param1=1.61&param2=1.61', 
'/twiki/bin/oops/TWiki/TWikiPlugins?template=oopsmore&param1=1.21&param2=1.21', 
'/twiki/bin/oops/TWiki/TWikiSite?template=oopsmore&param1=1.21&param2=1.21', 
'/twiki/bin/oops/TWiki/TWikiVariables?template=oopsmore&param1=1.62&param2=1.62', 
'/twiki/bin/oops/TWiki/WelcomeGuest?template=oopsmore&param1=1.20&param2=1.20', 
'/twiki/bin/oops/TWiki/WikiCulture?template=oopsmore&param1=1.8&param2=1.8', 
'/twiki/bin/oops/TWiki/WikiNotation?template=oopsmore&param1=1.3&param2=1.3', 
'/twiki/bin/rdiff/Know/ReadmeFirst?rev1=1.5&rev2=1.4', 
'/twiki/bin/rdiff/Know/ReadmeFirst?rev1=1.6&rev2=1.5', 
'/twiki/bin/rdiff/Main/ConfigurationVariables', 
'/twiki/bin/rdiff/Main/NicholasLee', 
'/twiki/bin/rdiff/Main/PeterThoeny', 
'/twiki/bin/rdiff/Main/PostQueue', 
'/twiki/bin/rdiff/Main/RelayGateway?rev1=1.2&rev2=1.1', 
'/twiki/bin/rdiff/Main/RelayGateway?rev1=1.3&rev2=1.2', 
'/twiki/bin/rdiff/Main/SanJoseOffice', 
'/twiki/bin/rdiff/Main/SpamAssassin', 
'/twiki/bin/rdiff/Main/SpamAssassinAndPostFix?rev1=1.2&rev2=1.1', 
'/twiki/bin/rdiff/Main/TokyoOffice?rev1=1.2&rev2=1.1', 
'/twiki/bin/rdiff/Main/TWikiGroups?rev1=1.3&rev2=1.2', 
'/twiki/bin/rdiff/Main/TWikiGuest', 
'/twiki/bin/rdiff/Main/TWikiGuest?rev1=1.5&rev2=1.4', 
'/twiki/bin/rdiff/Main/VishaalGolam', 
'/twiki/bin/rdiff/Main/WebChanges', 
'/twiki/bin/rdiff/Main/WebChanges?rev1=1.2&rev2=1.1', 
'/twiki/bin/rdiff/Main/WebHome?rev1=1.28&rev2=1.27', 
'/twiki/bin/rdiff/Main/WebIndex', 
'/twiki/bin/rdiff/Main/WebIndex?rev1=1.2&rev2=1.1', 
'/twiki/bin/rdiff/Main/WebNotify', 
'/twiki/bin/rdiff/Main/WebPreferences?rev1=1.14&rev2=1.13', 
'/twiki/bin/rdiff/Main/WebRss', 
'/twiki/bin/rdiff/Main/WebTopicList', 
'/twiki/bin/rdiff/Sandbox/WebTopicList', 
'/twiki/bin/rdiff/TWiki/AdminSkillsAssumptions', 
'/twiki/bin/rdiff/TWiki/AdrianLynch', 
'/twiki/bin/rdiff/TWiki/AlWilliams?rev1=1.2&rev2=1.1', 
'/twiki/bin/rdiff/TWiki/AlWilliams?rev1=1.3&rev2=1.2', 
'/twiki/bin/rdiff/TWiki/AppendixFileSystem?rev1=1.11&rev2=1.10', 
'/twiki/bin/rdiff/TWiki/ChangePassword', 
'/twiki/bin/rdiff/TWiki/DefaultPlugin', 
'/twiki/bin/rdiff/TWiki/DefaultPlugin?rev1=1.5&rev2=1.4', 
'/twiki/bin/rdiff/TWiki/DeleteOrRenameATopic', 
'/twiki/bin/rdiff/TWiki/EditDoesNotIncreaseTheRevision', 
'/twiki/bin/rdiff/TWiki/FileAttribute', 
'/twiki/bin/rdiff/TWiki/HaroldGottschalk?rev1=1.2&rev2=1.1', 
'/twiki/bin/rdiff/TWiki/IncludeTopicsAndWebPages', 
'/twiki/bin/rdiff/TWiki/InstantEnhancements', 
'/twiki/bin/rdiff/TWiki/KevinKinnell?rev1=1.4&rev2=1.3', 
'/twiki/bin/rdiff/TWiki/KevinKinnell?rev1=1.5&rev2=1.4', 
'/twiki/bin/rdiff/TWiki/KlausWriessnegger?rev1=1.2&rev2=1.1', 
'/twiki/bin/rdiff/TWiki/NewUserTemplate?rev1=1.3&rev2=1.2', 
'/twiki/bin/rdiff/TWiki/PeterFokkinga?rev1=1.4&rev2=1.3', 
'/twiki/bin/rdiff/TWiki/RichardDonkin?rev1=1.2&rev2=1.1', 
'/twiki/bin/rdiff/TWiki/RyanFreebern?rev1=1.2&rev2=1.1', 
'/twiki/bin/rdiff/TWiki/SearchDoesNotWork', 
'/twiki/bin/rdiff/TWiki/SimultaneousEdits', 
'/twiki/bin/rdiff/TWiki/StanleyKnutson', 
'/twiki/bin/rdiff/TWiki/SvenDowideit', 
'/twiki/bin/rdiff/TWiki/SvenDowideit?rev1=1.2&rev2=1.1', 
'/twiki/bin/rdiff/TWiki/TextFormattingRules?rev1=1.36&rev2=1.35', 
'/twiki/bin/rdiff/TWiki/TWikiDocGraphics?rev1=1.11&rev2=1.10', 
'/twiki/bin/rdiff/TWiki/TWikiDownload', 
'/twiki/bin/rdiff/TWiki/TWikiEnhancementRequests', 
'/twiki/bin/rdiff/TWiki/TWikiFAQ', 
'/twiki/bin/rdiff/TWiki/TWikiHistory', 
'/twiki/bin/rdiff/TWiki/TWikiHistory?rev1=1.10&rev2=1.9', 
'/twiki/bin/rdiff/TWiki/TWikiHistory?rev1=1.61&rev2=1.60', 
'/twiki/bin/rdiff/TWiki/TWikiHistory?rev1=1.8&rev2=1.7', 
'/twiki/bin/rdiff/TWiki/TWikiPlannedFeatures', 
'/twiki/bin/rdiff/TWiki/TWikiPlugins?rev1=1.20&rev2=1.19', 
'/twiki/bin/rdiff/TWiki/TWikiPreferences?rev1=1.47&rev2=1.46', 
'/twiki/bin/rdiff/TWiki/TWikiRegistration', 
'/twiki/bin/rdiff/TWiki/TWikiRegistration?rev1=1.10&rev2=1.9', 
'/twiki/bin/rdiff/TWiki/TWikiSite', 
'/twiki/bin/rdiff/TWiki/TWikiSkins?rev1=1.10&rev2=1.9', 
'/twiki/bin/rdiff/TWiki/TWikiSkins?rev1=1.11&rev2=1.10', 
'/twiki/bin/rdiff/TWiki/TWikiTopics', 
'/twiki/bin/rdiff/TWiki/WebChanges', 
'/twiki/bin/rdiff/TWiki/WebChangesAlert', 
'/twiki/bin/rdiff/TWiki/WebHome', 
'/twiki/bin/rdiff/TWiki/WebNotify', 
'/twiki/bin/rdiff/TWiki/WebPreferences', 
'/twiki/bin/rdiff/TWiki/WebRss', 
'/twiki/bin/rdiff/TWiki/WebSearch', 
'/twiki/bin/rdiff/TWiki/WebSiteTools?rev1=1.2&rev2=1.1', 
'/twiki/bin/rdiff/TWiki/WebTopicEditTemplate', 
'/twiki/bin/rdiff/TWiki/WebTopicEditTemplate?rev1=1.5&rev2=1.4', 
'/twiki/bin/rdiff/TWiki/WebTopicList', 
'/twiki/bin/rdiff/TWiki/WhatIsWikiWiki', 
'/twiki/bin/rdiff/TWiki/WikiCulture?rev1=1.8&rev2=1.7', 
'/twiki/bin/rdiff/TWiki/WikiReferences?rev1=1.2&rev2=1.1', 
'/twiki/bin/rdiff/TWiki/WikiSyntax', 
'/twiki/bin/rdiff/TWiki/WikiWikiClones', 
'/twiki/bin/rdiff/TWiki/WikiWord?rev1=1.4&rev2=1.3', 
'/twiki/bin/rename/TWiki/DefaultPlugin', 
'/twiki/bin/rename/TWiki/ResetPassword', 
'/twiki/bin/rename/TWiki/TWikiHistory', 
'/twiki/bin/search/Main/?scope=topic&regex=on&search=^d', 
'/twiki/bin/search/Main/?scope=topic&regex=on&search=^f', 
'/twiki/bin/search/Main/?scope=topic&regex=on&search=^g', 
'/twiki/bin/search/Main/?scope=topic&regex=on&search=^p', 
'/twiki/bin/search/Main/?scope=topic&regex=on&search=^t', 
'/twiki/bin/search/Main/?search=\\\\.*&scope=topic&order=modified&reverse=on&regex=on&nosearch=on&limit=800', 
'/twiki/bin/search/Main/SearchResult?scope=text&regex=on&search=Joris%20*Benschop[^A-Za-z]', 
'/twiki/bin/search/Main/SearchResult?scope=text&regex=on&search=Office%20*Locations[^A-Za-z]', 
'/twiki/bin/search/Main/SearchResult?scope=text&regex=on&search=RBLs%20*How%20*To[^A-Za-z]', 
'/twiki/bin/search/Main/SearchResult?scope=text&regex=on&search=Spam%20*Assassin[^A-Za-z]', 
'/twiki/bin/search/Main/SearchResult?scope=text&regex=on&search=Thanadon%20*Somdee[^A-Za-z]', 
'/twiki/bin/search/Main/SearchResult?scope=text&regex=on&search=TWiki%20*Admin%20*Group[^A-Za-z]', 
'/twiki/bin/search/Main/SearchResult?scope=text&regex=on&search=Web%20*Changes[^A-Za-z]', 
'/twiki/bin/search/Main/SearchResult?scope=text&regex=on&search=Web%20*Index[^A-Za-z]', 
'/twiki/bin/search/Main/SearchResult?scope=text&regex=on&search=Web%20*Statistics[^A-Za-z]', 
'/twiki/bin/search/TWiki/?scope=topic&regex=on&bookview=on&search=.*', 
'/twiki/bin/search/TWiki/?scope=topic&regex=on&search=.*', 
'/twiki/bin/search/TWiki/?scope=topic&regex=on&search=^d', 
'/twiki/bin/search/TWiki/?scope=topic&regex=on&search=^i', 
'/twiki/bin/search/TWiki/?scope=topic&regex=on&search=^j', 
'/twiki/bin/search/TWiki/?scope=topic&regex=on&search=^l', 
'/twiki/bin/search/TWiki/?scope=topic&regex=on&search=^q', 
'/twiki/bin/search/TWiki/?scope=topic&regex=on&search=^y', 
'/twiki/bin/search/TWiki/?search=\\\\.*&scope=topic&order=modified&reverse=on&regex=on&nosearch=on&limit=200', 
'/twiki/bin/search/TWiki/SearchResult?scope=text&regex=on&search=Al%20*Williams[^A-Za-z]', 
'/twiki/bin/search/TWiki/SearchResult?scope=text&regex=on&search=Change%20*Password[^A-Za-z]', 
'/twiki/bin/search/TWiki/SearchResult?scope=text&regex=on&search=Harold%20*Gottschalk[^A-Za-z]', 
'/twiki/bin/search/TWiki/SearchResult?scope=text&regex=on&search=Inter%20*Wikis[^A-Za-z]', 
'/twiki/bin/search/TWiki/SearchResult?scope=text&regex=on&search=John%20*Talintyre[^A-Za-z]', 
'/twiki/bin/search/TWiki/SearchResult?scope=text&regex=on&search=Kevin%20*Kinnell[^A-Za-z]', 
'/twiki/bin/search/TWiki/SearchResult?scope=text&regex=on&search=Peter%20*Fokkinga[^A-Za-z]', 
'/twiki/bin/search/TWiki/SearchResult?scope=text&regex=on&search=TWiki%20*FAQ[^A-Za-z]', 
'/twiki/bin/search/TWiki/SearchResult?scope=text&regex=on&search=Web%20*Preferences[^A-Za-z]', 
'/twiki/bin/search/TWiki/SearchResult?scope=text&regex=on&search=Web%20*Statistics[^A-Za-z]', 
'/twiki/bin/search/TWiki/SearchResult?scope=text&regex=on&search=Web%20*Topic%20*List[^A-Za-z]', 
'/twiki/bin/search/TWiki/SearchResult?scope=text&regex=on&search=Wiki%20*Notation[^A-Za-z]', 
'/twiki/bin/statistics/Main', 
'/twiki/bin/view/Know/ReadmeFirst?rev=1.4', 
'/twiki/bin/view/Main/DCCAndPostFix', 
'/twiki/bin/view/Main/FileAttachment?rev=1.1', 
'/twiki/bin/view/Main/FileAttachment?rev=1.2', 
'/twiki/bin/view/Main/JorisBenschop?skin=print', 
'/twiki/bin/view/Main/MikeMannix', 
'/twiki/bin/view/Main/MikeMannix?rev=1.3', 
'/twiki/bin/view/Main/NicholasLee?rev=1.1', 
'/twiki/bin/view/Main/NicholasLee?rev=1.2', 
'/twiki/bin/view/Main/PeterThoeny', 
'/twiki/bin/view/Main/PostfixCmd', 
'/twiki/bin/view/Main/PostSuper?rev=1.1', 
'/twiki/bin/view/Main/PostSuper?rev=r1.1', 
'/twiki/bin/view/Main/RelayGateway?rev=1.3', 
'/twiki/bin/view/Main/SideBar?rev=1.1', 
'/twiki/bin/view/Main/SpamAssassin', 
'/twiki/bin/view/Main/ThanadonSomdee', 
'/twiki/bin/view/Main/TokyoOffice', 
'/twiki/bin/view/Main/TokyoOffice?rev=1.2', 
'/twiki/bin/view/Main/TokyoOffice?rev=1.3', 
'/twiki/bin/view/Main/TokyoOffice?rev=r1.3', 
'/twiki/bin/view/Main/TWikiAdminGroup?rev=1.6', 
'/twiki/bin/view/Main/TWikiGroups?rev=1.2', 
'/twiki/bin/view/Main/TWikiGuest', 
'/twiki/bin/view/Main/TWikiGuest?rev=1.4', 
'/twiki/bin/view/Main/TWikiGuest?rev=r1.1', 
'/twiki/bin/view/Main/TWikiGuest?rev=r1.3', 
'/twiki/bin/view/Main/TWikiGuest?skin=print', 
'/twiki/bin/view/Main/TWikiUsers?rev=1.21', 
'/twiki/bin/view/Main/WebChanges', 
'/twiki/bin/view/Main/WebChanges?skin=print', 
'/twiki/bin/view/Main/WebHome?rev=r1.16', 
'/twiki/bin/view/Main/WebHome?rev=r1.24', 
'/twiki/bin/view/Main/WebHome?rev=r1.9', 
'/twiki/bin/view/Main/WebIndex?rev=1.1', 
'/twiki/bin/view/Main/WebIndex?rev=r1.2', 
'/twiki/bin/view/Main/WebNotify', 
'/twiki/bin/view/Main/WebPreferences', 
'/twiki/bin/view/Main/WebPreferences?rev=1.13', 
'/twiki/bin/view/Main/WebPreferences?rev=1.14', 
'/twiki/bin/view/Main/WebPreferences?rev=r1.10', 
'/twiki/bin/view/Main/WebPreferences?rev=r1.14', 
'/twiki/bin/view/Main/WebPreferences?rev=r1.2', 
'/twiki/bin/view/Main/WebPreferences?rev=r1.4', 
'/twiki/bin/view/Main/WebPreferences?rev=r1.9', 
'/twiki/bin/view/Main/WebStatistics?skin=print', 
'/twiki/bin/view/Main/WelcomeGuest', 
'/twiki/bin/view/Sandbox/WebHome?rev=1.6', 
'/twiki/bin/view/Sandbox/WebHome?rev=r1.3', 
'/twiki/bin/view/Sandbox/WebStatistics', 
'/twiki/bin/view/TWiki/AlWilliams?rev=1.1', 
'/twiki/bin/view/TWiki/ChangePassword?rev=r1.3', 
'/twiki/bin/view/TWiki/ChangePassword?rev=r1.6', 
'/twiki/bin/view/TWiki/DavidWarman', 
'/twiki/bin/view/TWiki/DefaultPlugin?rev=1.4', 
'/twiki/bin/view/TWiki/DontNotify', 
'/twiki/bin/view/TWiki/DontNotify?rev=1.1', 
'/twiki/bin/view/TWiki/FileAttribute?rev=1.2', 
'/twiki/bin/view/TWiki/FileAttribute?rev=r1.2', 
'/twiki/bin/view/TWiki/FormattedSearch?rev=1.8', 
'/twiki/bin/view/TWiki/GoBox', 
'/twiki/bin/view/TWiki/HaroldGottschalk', 
'/twiki/bin/view/TWiki/HaroldGottschalk?rev=1.2', 
'/twiki/bin/view/TWiki/JohnTalintyre', 
'/twiki/bin/view/TWiki/KevinKinnell?rev=1.4', 
'/twiki/bin/view/TWiki/KlausWriessnegger', 
'/twiki/bin/view/TWiki/ManagingWebs?rev=1.21', 
'/twiki/bin/view/TWiki/ManagingWebs?rev=1.22', 
'/twiki/bin/view/TWiki/ManagingWebs?skin=print', 
'/twiki/bin/view/TWiki/MartinCleaver', 
'/twiki/bin/view/TWiki/NewUserTemplate?skin=print', 
'/twiki/bin/view/TWiki/PeterFokkinga?rev=1.2', 
'/twiki/bin/view/TWiki/RichardDonkin?skin=print', 
'/twiki/bin/view/TWiki/SearchDoesNotWork?rev=r1.1', 
'/twiki/bin/view/TWiki/SearchDoesNotWork?rev=r1.2', 
'/twiki/bin/view/TWiki/SvenDowideit', 
'/twiki/bin/view/TWiki/SvenDowideit?rev=1.1', 
'/twiki/bin/view/TWiki/SvenDowideit?rev=r1.1', 
'/twiki/bin/view/TWiki/TablePlugin?skin=print', 
'/twiki/bin/view/TWiki/TextFormattingRules?rev=r1.15', 
'/twiki/bin/view/TWiki/TextFormattingRules?rev=r1.16', 
'/twiki/bin/view/TWiki/TextFormattingRules?rev=r1.19', 
'/twiki/bin/view/TWiki/TextFormattingRules?rev=r1.21', 
'/twiki/bin/view/TWiki/TextFormattingRules?rev=r1.22', 
'/twiki/bin/view/TWiki/TextFormattingRules?rev=r1.24', 
'/twiki/bin/view/TWiki/TextFormattingRules?rev=r1.26', 
'/twiki/bin/view/TWiki/TextFormattingRules?rev=r1.28', 
'/twiki/bin/view/TWiki/TextFormattingRules?rev=r1.31', 
'/twiki/bin/view/TWiki/TextFormattingRules?rev=r1.33', 
'/twiki/bin/view/TWiki/TextFormattingRules?rev=r1.35', 
'/twiki/bin/view/TWiki/TextFormattingRules?rev=r1.37', 
'/twiki/bin/view/TWiki/TWikiCategoryTable', 
'/twiki/bin/view/TWiki/TWikiDocGraphics', 
'/twiki/bin/view/TWiki/TWikiEnhancementRequests?rev=1.3', 
'/twiki/bin/view/TWiki/TWikiFAQ', 
'/twiki/bin/view/TWiki/TWikiFAQ?rev=1.11', 
'/twiki/bin/view/TWiki/TWikiHistory?rev=1.59', 
'/twiki/bin/view/TWiki/TWikiHistory?rev=1.8', 
'/twiki/bin/view/TWiki/TWikiHistory?rev=1.9', 
'/twiki/bin/view/TWiki/TWikiHistory?rev=r1.44', 
'/twiki/bin/view/TWiki/TWikiHistory?rev=r1.49', 
'/twiki/bin/view/TWiki/TWikiHistory?rev=r1.50', 
'/twiki/bin/view/TWiki/TWikiHistory?rev=r1.54', 
'/twiki/bin/view/TWiki/TWikiHistory?rev=r1.55', 
'/twiki/bin/view/TWiki/TWikiPlugins?rev=1.19', 
'/twiki/bin/view/TWiki/TWikiRegistration?rev=r1.4', 
'/twiki/bin/view/TWiki/TWikiRegistration?rev=r1.7', 
'/twiki/bin/view/TWiki/TWikiSiteTools', 
'/twiki/bin/view/TWiki/TWikiSkins?skin=print', 
'/twiki/bin/view/TWiki/TWikiTopics?rev=r1.10', 
'/twiki/bin/view/TWiki/TWikiTopics?rev=r1.4', 
'/twiki/bin/view/TWiki/TWikiTopics?rev=r1.7', 
'/twiki/bin/view/TWiki/TWikiTutorial', 
'/twiki/bin/view/TWiki/TWikiUpgradeTo01May2000', 
'/twiki/bin/view/TWiki/TWikiUpgradeTo01May2000?rev=1.3', 
'/twiki/bin/view/TWiki/WebHome?rev=r1.47', 
'/twiki/bin/view/TWiki/WebHome?rev=r1.49', 
'/twiki/bin/view/TWiki/WebIndex', 
'/twiki/bin/view/TWiki/WebSearch?rev=1.11', 
'/twiki/bin/view/TWiki/WebSearch?rev=r1.10', 
'/twiki/bin/view/TWiki/WebSearch?rev=r1.9', 
'/twiki/bin/view/TWiki/WebSearch?skin=print', 
'/twiki/bin/view/TWiki/WebSiteTools', 
'/twiki/bin/view/TWiki/WebTopicEditTemplate', 
'/twiki/bin/view/TWiki/WebTopicList', 
'/twiki/bin/view/TWiki/WelcomeGuest?rev=r1.11', 
'/twiki/bin/view/TWiki/WelcomeGuest?rev=r1.18', 
'/twiki/bin/view/TWiki/WelcomeGuest?rev=r1.19', 
'/twiki/bin/view/TWiki/WelcomeGuest?rev=r1.5', 
'/twiki/bin/view/TWiki/WelcomeGuest?rev=r1.6', 
'/twiki/bin/view/TWiki/WhatIsWikiWiki', 
'/twiki/bin/view/TWiki/WikiCulture', 
'/twiki/bin/view/TWiki/WikiName', 
'/twiki/bin/view/TWiki/WikiNotation', 
'/twiki/bin/view/TWiki/WikiNotation?skin=print', 
'/twiki/bin/view/TWiki/WikiReferences?skin=print', 
'/twiki/bin/view/TWiki/WikiSyntax', 
'/twiki/bin/view/TWiki/WikiTopic', 
'/twiki/bin/view/TWiki/WikiWord?rev=1.3', 
[,
